date	Elev	Mid	Lower	NoPwr	Jul_2026	Aug_2026_6MAF
19640131	3414.60	3565.00	3510.00	3490.00	-	-
19640229	3414.80	3565.00	3510.00	3490.00	-	-
19640331	3410.80	3565.00	3510.00	3490.00	-	-
19640430	3398.20	3565.00	3510.00	3490.00	-	-
19640531	3434.70	3565.00	3510.00	3490.00	-	-
19640630	3472.00	3565.00	3510.00	3490.00	-	-
19640731	3484.20	3565.00	3510.00	3490.00	-	-
19640831	3490.30	3565.00	3510.00	3490.00	-	-
19640930	3491.70	3565.00	3510.00	3490.00	-	-
19641031	3491.90	3565.00	3510.00	3490.00	-	-
19641130	3491.50	3565.00	3510.00	3490.00	-	-
19641231	3491.90	3565.00	3510.00	3490.00	-	-
19650131	3491.40	3565.00	3510.00	3490.00	-	-
19650228	3491.90	3565.00	3510.00	3490.00	-	-
19650331	3491.90	3565.00	3510.00	3490.00	-	-
19650430	3490.90	3565.00	3510.00	3490.00	-	-
19650531	3491.80	3565.00	3510.00	3490.00	-	-
19650630	3510.90	3565.00	3510.00	3490.00	-	-
19650731	3530.90	3565.00	3510.00	3490.00	-	-
19650831	3531.30	3565.00	3510.00	3490.00	-	-
19650930	3530.10	3565.00	3510.00	3490.00	-	-
19651031	3531.60	3565.00	3510.00	3490.00	-	-
19651130	3532.60	3565.00	3510.00	3490.00	-	-
19651231	3534.60	3565.00	3510.00	3490.00	-	-
19660131	3535.20	3565.00	3510.00	3490.00	-	-
19660228	3534.30	3565.00	3510.00	3490.00	-	-
19660331	3536.70	3565.00	3510.00	3490.00	-	-
19660430	3539.00	3565.00	3510.00	3490.00	-	-
19660531	3544.60	3565.00	3510.00	3490.00	-	-
19660630	3544.90	3565.00	3510.00	3490.00	-	-
19660731	3540.00	3565.00	3510.00	3490.00	-	-
19660831	3534.00	3565.00	3510.00	3490.00	-	-
19660930	3529.50	3565.00	3510.00	3490.00	-	-
19661031	3527.10	3565.00	3510.00	3490.00	-	-
19661130	3523.60	3565.00	3510.00	3490.00	-	-
19661231	3521.50	3565.00	3510.00	3490.00	-	-
19670131	3517.40	3565.00	3510.00	3490.00	-	-
19670228	3515.20	3565.00	3510.00	3490.00	-	-
19670331	3512.50	3565.00	3510.00	3490.00	-	-
19670430	3507.30	3565.00	3510.00	3490.00	-	-
19670531	3509.10	3565.00	3510.00	3490.00	-	-
19670630	3529.20	3565.00	3510.00	3490.00	-	-
19670731	3532.50	3565.00	3510.00	3490.00	-	-
19670831	3530.50	3565.00	3510.00	3490.00	-	-
19670930	3528.50	3565.00	3510.00	3490.00	-	-
19671031	3528.20	3565.00	3510.00	3490.00	-	-
19671130	3528.30	3565.00	3510.00	3490.00	-	-
19671231	3527.10	3565.00	3510.00	3490.00	-	-
19680131	3525.10	3565.00	3510.00	3490.00	-	-
19680229	3526.00	3565.00	3510.00	3490.00	-	-
19680331	3520.50	3565.00	3510.00	3490.00	-	-
19680430	3514.00	3565.00	3510.00	3490.00	-	-
19680531	3522.20	3565.00	3510.00	3490.00	-	-
19680630	3547.00	3565.00	3510.00	3490.00	-	-
19680731	3546.10	3565.00	3510.00	3490.00	-	-
19680831	3548.70	3565.00	3510.00	3490.00	-	-
19680930	3545.40	3565.00	3510.00	3490.00	-	-
19681031	3543.40	3565.00	3510.00	3490.00	-	-
19681130	3541.70	3565.00	3510.00	3490.00	-	-
19681231	3539.30	3565.00	3510.00	3490.00	-	-
19690131	3540.20	3565.00	3510.00	3490.00	-	-
19690228	3542.90	3565.00	3510.00	3490.00	-	-
19690331	3543.70	3565.00	3510.00	3490.00	-	-
19690430	3552.60	3565.00	3510.00	3490.00	-	-
19690531	3571.50	3565.00	3510.00	3490.00	-	-
19690630	3580.00	3565.00	3510.00	3490.00	-	-
19690731	3580.50	3565.00	3510.00	3490.00	-	-
19690831	3575.90	3565.00	3510.00	3490.00	-	-
19690930	3573.30	3565.00	3510.00	3490.00	-	-
19691031	3574.90	3565.00	3510.00	3490.00	-	-
19691130	3574.20	3565.00	3510.00	3490.00	-	-
19691231	3572.10	3565.00	3510.00	3490.00	-	-
19700131	3569.40	3565.00	3510.00	3490.00	-	-
19700228	3570.10	3565.00	3510.00	3490.00	-	-
19700331	3571.30	3565.00	3510.00	3490.00	-	-
19700430	3566.70	3565.00	3510.00	3490.00	-	-
19700531	3582.10	3565.00	3510.00	3490.00	-	-
19700630	3599.10	3565.00	3510.00	3490.00	-	-
19700731	3600.90	3565.00	3510.00	3490.00	-	-
19700831	3597.90	3565.00	3510.00	3490.00	-	-
19700930	3598.90	3565.00	3510.00	3490.00	-	-
19701031	3599.80	3565.00	3510.00	3490.00	-	-
19701130	3600.90	3565.00	3510.00	3490.00	-	-
19701231	3599.80	3565.00	3510.00	3490.00	-	-
19710131	3600.80	3565.00	3510.00	3490.00	-	-
19710228	3602.70	3565.00	3510.00	3490.00	-	-
19710331	3602.90	3565.00	3510.00	3490.00	-	-
19710430	3603.60	3565.00	3510.00	3490.00	-	-
19710531	3608.70	3565.00	3510.00	3490.00	-	-
19710630	3620.80	3565.00	3510.00	3490.00	-	-
19710731	3620.80	3565.00	3510.00	3490.00	-	-
19710831	3617.30	3565.00	3510.00	3490.00	-	-
19710930	3614.30	3565.00	3510.00	3490.00	-	-
19711031	3614.20	3565.00	3510.00	3490.00	-	-
19711130	3612.40	3565.00	3510.00	3490.00	-	-
19711231	3609.60	3565.00	3510.00	3490.00	-	-
19720131	3607.90	3565.00	3510.00	3490.00	-	-
19720229	3609.50	3565.00	3510.00	3490.00	-	-
19720331	3612.70	3565.00	3510.00	3490.00	-	-
19720430	3610.60	3565.00	3510.00	3490.00	-	-
19720531	3611.90	3565.00	3510.00	3490.00	-	-
19720630	3619.60	3565.00	3510.00	3490.00	-	-
19720731	3615.40	3565.00	3510.00	3490.00	-	-
19720831	3609.10	3565.00	3510.00	3490.00	-	-
19720930	3603.40	3565.00	3510.00	3490.00	-	-
19721031	3609.10	3565.00	3510.00	3490.00	-	-
19721130	3609.50	3565.00	3510.00	3490.00	-	-
19721231	3606.20	3565.00	3510.00	3490.00	-	-
19730131	3601.00	3565.00	3510.00	3490.00	-	-
19730228	3600.70	3565.00	3510.00	3490.00	-	-
19730331	3598.10	3565.00	3510.00	3490.00	-	-
19730430	3590.60	3565.00	3510.00	3490.00	-	-
19730531	3616.50	3565.00	3510.00	3490.00	-	-
19730630	3636.40	3565.00	3510.00	3490.00	-	-
19730731	3644.10	3565.00	3510.00	3490.00	-	-
19730831	3645.30	3565.00	3510.00	3490.00	-	-
19730930	3646.00	3565.00	3510.00	3490.00	-	-
19731031	3645.80	3565.00	3510.00	3490.00	-	-
19731130	3646.90	3565.00	3510.00	3490.00	-	-
19731231	3648.80	3565.00	3510.00	3490.00	-	-
19740131	3647.10	3565.00	3510.00	3490.00	-	-
19740228	3648.50	3565.00	3510.00	3490.00	-	-
19740331	3651.10	3565.00	3510.00	3490.00	-	-
19740430	3652.30	3565.00	3510.00	3490.00	-	-
19740531	3662.30	3565.00	3510.00	3490.00	-	-
19740630	3667.40	3565.00	3510.00	3490.00	-	-
19740731	3662.60	3565.00	3510.00	3490.00	-	-
19740831	3655.80	3565.00	3510.00	3490.00	-	-
19740930	3651.70	3565.00	3510.00	3490.00	-	-
19741031	3650.70	3565.00	3510.00	3490.00	-	-
19741130	3649.50	3565.00	3510.00	3490.00	-	-
19741231	3648.30	3565.00	3510.00	3490.00	-	-
19750131	3645.80	3565.00	3510.00	3490.00	-	-
19750228	3645.30	3565.00	3510.00	3490.00	-	-
19750331	3646.10	3565.00	3510.00	3490.00	-	-
19750430	3647.80	3565.00	3510.00	3490.00	-	-
19750531	3655.60	3565.00	3510.00	3490.00	-	-
19750630	3668.90	3565.00	3510.00	3490.00	-	-
19750731	3674.80	3565.00	3510.00	3490.00	-	-
19750831	3671.90	3565.00	3510.00	3490.00	-	-
19750930	3668.10	3565.00	3510.00	3490.00	-	-
19751031	3666.60	3565.00	3510.00	3490.00	-	-
19751130	3667.20	3565.00	3510.00	3490.00	-	-
19751231	3667.90	3565.00	3510.00	3490.00	-	-
19760131	3666.80	3565.00	3510.00	3490.00	-	-
19760229	3665.40	3565.00	3510.00	3490.00	-	-
19760331	3664.70	3565.00	3510.00	3490.00	-	-
19760430	3664.20	3565.00	3510.00	3490.00	-	-
19760531	3667.80	3565.00	3510.00	3490.00	-	-
19760630	3672.20	3565.00	3510.00	3490.00	-	-
19760731	3670.40	3565.00	3510.00	3490.00	-	-
19760831	3667.40	3565.00	3510.00	3490.00	-	-
19760930	3664.00	3565.00	3510.00	3490.00	-	-
19761031	3661.20	3565.00	3510.00	3490.00	-	-
19761130	3657.90	3565.00	3510.00	3490.00	-	-
19761231	3655.30	3565.00	3510.00	3490.00	-	-
19770131	3651.80	3565.00	3510.00	3490.00	-	-
19770228	3651.50	3565.00	3510.00	3490.00	-	-
19770331	3651.20	3565.00	3510.00	3490.00	-	-
19770430	3652.60	3565.00	3510.00	3490.00	-	-
19770531	3654.30	3565.00	3510.00	3490.00	-	-
19770630	3653.70	3565.00	3510.00	3490.00	-	-
19770731	3649.40	3565.00	3510.00	3490.00	-	-
19770831	3642.50	3565.00	3510.00	3490.00	-	-
19770930	3636.70	3565.00	3510.00	3490.00	-	-
19771031	3635.70	3565.00	3510.00	3490.00	-	-
19771130	3634.60	3565.00	3510.00	3490.00	-	-
19771231	3630.10	3565.00	3510.00	3490.00	-	-
19780131	3625.00	3565.00	3510.00	3490.00	-	-
19780228	3622.70	3565.00	3510.00	3490.00	-	-
19780331	3622.70	3565.00	3510.00	3490.00	-	-
19780430	3626.90	3565.00	3510.00	3490.00	-	-
19780531	3635.60	3565.00	3510.00	3490.00	-	-
19780630	3649.70	3565.00	3510.00	3490.00	-	-
19780731	3652.30	3565.00	3510.00	3490.00	-	-
19780831	3645.80	3565.00	3510.00	3490.00	-	-
19780930	3640.20	3565.00	3510.00	3490.00	-	-
19781031	3637.30	3565.00	3510.00	3490.00	-	-
19781130	3636.10	3565.00	3510.00	3490.00	-	-
19781231	3632.80	3565.00	3510.00	3490.00	-	-
19790131	3628.80	3565.00	3510.00	3490.00	-	-
19790228	3628.00	3565.00	3510.00	3490.00	-	-
19790331	3635.00	3565.00	3510.00	3490.00	-	-
19790430	3646.30	3565.00	3510.00	3490.00	-	-
19790531	3663.80	3565.00	3510.00	3490.00	-	-
19790630	3680.40	3565.00	3510.00	3490.00	-	-
19790731	3684.30	3565.00	3510.00	3490.00	-	-
19790831	3680.80	3565.00	3510.00	3490.00	-	-
19790930	3678.10	3565.00	3510.00	3490.00	-	-
19791031	3676.10	3565.00	3510.00	3490.00	-	-
19791130	3673.50	3565.00	3510.00	3490.00	-	-
19791231	3672.70	3565.00	3510.00	3490.00	-	-
19800131	3673.00	3565.00	3510.00	3490.00	-	-
19800229	3674.30	3565.00	3510.00	3490.00	-	-
19800331	3675.50	3565.00	3510.00	3490.00	-	-
19800430	3677.60	3565.00	3510.00	3490.00	-	-
19800531	3691.70	3565.00	3510.00	3490.00	-	-
19800630	3700.50	3565.00	3510.00	3490.00	-	-
19800731	3696.40	3565.00	3510.00	3490.00	-	-
19800831	3690.50	3565.00	3510.00	3490.00	-	-
19800930	3687.80	3565.00	3510.00	3490.00	-	-
19801031	3685.50	3565.00	3510.00	3490.00	-	-
19801130	3682.80	3565.00	3510.00	3490.00	-	-
19801231	3681.30	3565.00	3510.00	3490.00	-	-
19810131	3679.60	3565.00	3510.00	3490.00	-	-
19810228	3678.10	3565.00	3510.00	3490.00	-	-
19810331	3677.80	3565.00	3510.00	3490.00	-	-
19810430	3677.30	3565.00	3510.00	3490.00	-	-
19810531	3677.80	3565.00	3510.00	3490.00	-	-
19810630	3680.60	3565.00	3510.00	3490.00	-	-
19810731	3677.80	3565.00	3510.00	3490.00	-	-
19810831	3673.40	3565.00	3510.00	3490.00	-	-
19810930	3672.00	3565.00	3510.00	3490.00	-	-
19811031	3671.90	3565.00	3510.00	3490.00	-	-
19811130	3670.70	3565.00	3510.00	3490.00	-	-
19811231	3667.50	3565.00	3510.00	3490.00	-	-
19820131	3663.80	3565.00	3510.00	3490.00	-	-
19820228	3662.80	3565.00	3510.00	3490.00	-	-
19820331	3664.00	3565.00	3510.00	3490.00	-	-
19820430	3665.60	3565.00	3510.00	3490.00	-	-
19820531	3674.60	3565.00	3510.00	3490.00	-	-
19820630	3684.90	3565.00	3510.00	3490.00	-	-
19820731	3687.40	3565.00	3510.00	3490.00	-	-
19820831	3686.60	3565.00	3510.00	3490.00	-	-
19820930	3687.30	3565.00	3510.00	3490.00	-	-
19821031	3687.70	3565.00	3510.00	3490.00	-	-
19821130	3686.30	3565.00	3510.00	3490.00	-	-
19821231	3684.70	3565.00	3510.00	3490.00	-	-
19830131	3683.30	3565.00	3510.00	3490.00	-	-
19830228	3682.10	3565.00	3510.00	3490.00	-	-
19830331	3684.60	3565.00	3510.00	3490.00	-	-
19830430	3685.80	3565.00	3510.00	3490.00	-	-
19830531	3695.10	3565.00	3510.00	3490.00	-	-
19830630	3707.10	3565.00	3510.00	3490.00	-	-
19830731	3707.50	3565.00	3510.00	3490.00	-	-
19830831	3704.40	3565.00	3510.00	3490.00	-	-
19830930	3698.90	3565.00	3510.00	3490.00	-	-
19831031	3694.20	3565.00	3510.00	3490.00	-	-
19831130	3689.80	3565.00	3510.00	3490.00	-	-
19831231	3685.20	3565.00	3510.00	3490.00	-	-
19840131	3680.50	3565.00	3510.00	3490.00	-	-
19840229	3677.00	3565.00	3510.00	3490.00	-	-
19840331	3674.10	3565.00	3510.00	3490.00	-	-
19840430	3674.20	3565.00	3510.00	3490.00	-	-
19840531	3687.80	3565.00	3510.00	3490.00	-	-
19840630	3701.30	3565.00	3510.00	3490.00	-	-
19840731	3702.20	3565.00	3510.00	3490.00	-	-
19840831	3700.40	3565.00	3510.00	3490.00	-	-
19840930	3695.90	3565.00	3510.00	3490.00	-	-
19841031	3693.30	3565.00	3510.00	3490.00	-	-
19841130	3689.20	3565.00	3510.00	3490.00	-	-
19841231	3684.80	3565.00	3510.00	3490.00	-	-
19850131	3680.50	3565.00	3510.00	3490.00	-	-
19850228	3676.10	3565.00	3510.00	3490.00	-	-
19850331	3676.50	3565.00	3510.00	3490.00	-	-
19850430	3684.60	3565.00	3510.00	3490.00	-	-
19850531	3695.60	3565.00	3510.00	3490.00	-	-
19850630	3700.10	3565.00	3510.00	3490.00	-	-
19850731	3697.10	3565.00	3510.00	3490.00	-	-
19850831	3690.70	3565.00	3510.00	3490.00	-	-
19850930	3685.70	3565.00	3510.00	3490.00	-	-
19851031	3686.20	3565.00	3510.00	3490.00	-	-
19851130	3686.50	3565.00	3510.00	3490.00	-	-
19851231	3687.20	3565.00	3510.00	3490.00	-	-
19860131	3685.60	3565.00	3510.00	3490.00	-	-
19860228	3683.60	3565.00	3510.00	3490.00	-	-
19860331	3680.70	3565.00	3510.00	3490.00	-	-
19860430	3682.10	3565.00	3510.00	3490.00	-	-
19860531	3685.10	3565.00	3510.00	3490.00	-	-
19860630	3695.00	3565.00	3510.00	3490.00	-	-
19860731	3699.70	3565.00	3510.00	3490.00	-	-
19860831	3694.70	3565.00	3510.00	3490.00	-	-
19860930	3689.60	3565.00	3510.00	3490.00	-	-
19861031	3689.20	3565.00	3510.00	3490.00	-	-
19861130	3688.10	3565.00	3510.00	3490.00	-	-
19861231	3684.40	3565.00	3510.00	3490.00	-	-
19870131	3679.10	3565.00	3510.00	3490.00	-	-
19870228	3677.70	3565.00	3510.00	3490.00	-	-
19870331	3679.40	3565.00	3510.00	3490.00	-	-
19870430	3684.50	3565.00	3510.00	3490.00	-	-
19870531	3694.60	3565.00	3510.00	3490.00	-	-
19870630	3698.40	3565.00	3510.00	3490.00	-	-
19870731	3696.10	3565.00	3510.00	3490.00	-	-
19870831	3691.60	3565.00	3510.00	3490.00	-	-
19870930	3688.00	3565.00	3510.00	3490.00	-	-
19871031	3687.80	3565.00	3510.00	3490.00	-	-
19871130	3687.40	3565.00	3510.00	3490.00	-	-
19871231	3685.30	3565.00	3510.00	3490.00	-	-
19880131	3683.00	3565.00	3510.00	3490.00	-	-
19880229	3681.80	3565.00	3510.00	3490.00	-	-
19880331	3681.70	3565.00	3510.00	3490.00	-	-
19880430	3683.60	3565.00	3510.00	3490.00	-	-
19880531	3688.00	3565.00	3510.00	3490.00	-	-
19880630	3692.90	3565.00	3510.00	3490.00	-	-
19880731	3691.00	3565.00	3510.00	3490.00	-	-
19880831	3688.10	3565.00	3510.00	3490.00	-	-
19880930	3685.60	3565.00	3510.00	3490.00	-	-
19881031	3684.20	3565.00	3510.00	3490.00	-	-
19881130	3682.10	3565.00	3510.00	3490.00	-	-
19881231	3679.80	3565.00	3510.00	3490.00	-	-
19890131	3676.60	3565.00	3510.00	3490.00	-	-
19890228	3674.60	3565.00	3510.00	3490.00	-	-
19890331	3674.60	3565.00	3510.00	3490.00	-	-
19890430	3675.90	3565.00	3510.00	3490.00	-	-
19890531	3677.80	3565.00	3510.00	3490.00	-	-
19890630	3677.70	3565.00	3510.00	3490.00	-	-
19890731	3673.60	3565.00	3510.00	3490.00	-	-
19890831	3669.80	3565.00	3510.00	3490.00	-	-
19890930	3665.20	3565.00	3510.00	3490.00	-	-
19891031	3663.40	3565.00	3510.00	3490.00	-	-
19891130	3661.30	3565.00	3510.00	3490.00	-	-
19891231	3658.50	3565.00	3510.00	3490.00	-	-
19900131	3655.60	3565.00	3510.00	3490.00	-	-
19900228	3653.20	3565.00	3510.00	3490.00	-	-
19900331	3651.00	3565.00	3510.00	3490.00	-	-
19900430	3649.50	3565.00	3510.00	3490.00	-	-
19900531	3648.80	3565.00	3510.00	3490.00	-	-
19900630	3650.50	3565.00	3510.00	3490.00	-	-
19900731	3647.30	3565.00	3510.00	3490.00	-	-
19900831	3641.10	3565.00	3510.00	3490.00	-	-
19900930	3637.60	3565.00	3510.00	3490.00	-	-
19901031	3637.40	3565.00	3510.00	3490.00	-	-
19901130	3636.20	3565.00	3510.00	3490.00	-	-
19901231	3633.50	3565.00	3510.00	3490.00	-	-
19910131	3630.70	3565.00	3510.00	3490.00	-	-
19910228	3629.00	3565.00	3510.00	3490.00	-	-
19910331	3627.80	3565.00	3510.00	3490.00	-	-
19910430	3627.60	3565.00	3510.00	3490.00	-	-
19910531	3632.30	3565.00	3510.00	3490.00	-	-
19910630	3639.00	3565.00	3510.00	3490.00	-	-
19910731	3635.60	3565.00	3510.00	3490.00	-	-
19910831	3631.20	3565.00	3510.00	3490.00	-	-
19910930	3628.60	3565.00	3510.00	3490.00	-	-
19911031	3627.20	3565.00	3510.00	3490.00	-	-
19911130	3626.60	3565.00	3510.00	3490.00	-	-
19911231	3624.60	3565.00	3510.00	3490.00	-	-
19920131	3621.30	3565.00	3510.00	3490.00	-	-
19920229	3619.80	3565.00	3510.00	3490.00	-	-
19920331	3619.40	3565.00	3510.00	3490.00	-	-
19920430	3621.40	3565.00	3510.00	3490.00	-	-
19920531	3630.70	3565.00	3510.00	3490.00	-	-
19920630	3633.70	3565.00	3510.00	3490.00	-	-
19920731	3630.50	3565.00	3510.00	3490.00	-	-
19920831	3626.20	3565.00	3510.00	3490.00	-	-
19920930	3623.00	3565.00	3510.00	3490.00	-	-
19921031	3621.20	3565.00	3510.00	3490.00	-	-
19921130	3619.40	3565.00	3510.00	3490.00	-	-
19921231	3615.90	3565.00	3510.00	3490.00	-	-
19930131	3613.70	3565.00	3510.00	3490.00	-	-
19930228	3612.60	3565.00	3510.00	3490.00	-	-
19930331	3616.70	3565.00	3510.00	3490.00	-	-
19930430	3623.70	3565.00	3510.00	3490.00	-	-
19930531	3646.70	3565.00	3510.00	3490.00	-	-
19930630	3666.30	3565.00	3510.00	3490.00	-	-
19930731	3667.70	3565.00	3510.00	3490.00	-	-
19930831	3664.40	3565.00	3510.00	3490.00	-	-
19930930	3662.50	3565.00	3510.00	3490.00	-	-
19931031	3662.30	3565.00	3510.00	3490.00	-	-
19931130	3661.50	3565.00	3510.00	3490.00	-	-
19931231	3659.30	3565.00	3510.00	3490.00	-	-
19940131	3657.20	3565.00	3510.00	3490.00	-	-
19940228	3655.00	3565.00	3510.00	3490.00	-	-
19940331	3654.50	3565.00	3510.00	3490.00	-	-
19940430	3654.00	3565.00	3510.00	3490.00	-	-
19940531	3661.00	3565.00	3510.00	3490.00	-	-
19940630	3665.70	3565.00	3510.00	3490.00	-	-
19940731	3661.80	3565.00	3510.00	3490.00	-	-
19940831	3656.90	3565.00	3510.00	3490.00	-	-
19940930	3654.40	3565.00	3510.00	3490.00	-	-
19941031	3653.70	3565.00	3510.00	3490.00	-	-
19941130	3652.40	3565.00	3510.00	3490.00	-	-
19941231	3650.00	3565.00	3510.00	3490.00	-	-
19950131	3647.00	3565.00	3510.00	3490.00	-	-
19950228	3644.70	3565.00	3510.00	3490.00	-	-
19950331	3645.20	3565.00	3510.00	3490.00	-	-
19950430	3646.50	3565.00	3510.00	3490.00	-	-
19950531	3658.90	3565.00	3510.00	3490.00	-	-
19950630	3680.30	3565.00	3510.00	3490.00	-	-
19950731	3693.60	3565.00	3510.00	3490.00	-	-
19950831	3691.40	3565.00	3510.00	3490.00	-	-
19950930	3687.10	3565.00	3510.00	3490.00	-	-
19951031	3684.60	3565.00	3510.00	3490.00	-	-
19951130	3682.90	3565.00	3510.00	3490.00	-	-
19951231	3680.90	3565.00	3510.00	3490.00	-	-
19960131	3677.90	3565.00	3510.00	3490.00	-	-
19960229	3676.10	3565.00	3510.00	3490.00	-	-
19960331	3672.70	3565.00	3510.00	3490.00	-	-
19960430	3672.50	3565.00	3510.00	3490.00	-	-
19960531	3680.90	3565.00	3510.00	3490.00	-	-
19960630	3687.80	3565.00	3510.00	3490.00	-	-
19960731	3686.50	3565.00	3510.00	3490.00	-	-
19960831	3682.20	3565.00	3510.00	3490.00	-	-
19960930	3679.30	3565.00	3510.00	3490.00	-	-
19961031	3678.00	3565.00	3510.00	3490.00	-	-
19961130	3677.50	3565.00	3510.00	3490.00	-	-
19961231	3674.70	3565.00	3510.00	3490.00	-	-
19970131	3671.10	3565.00	3510.00	3490.00	-	-
19970228	3666.20	3565.00	3510.00	3490.00	-	-
19970331	3663.20	3565.00	3510.00	3490.00	-	-
19970430	3664.60	3565.00	3510.00	3490.00	-	-
19970531	3678.80	3565.00	3510.00	3490.00	-	-
19970630	3694.10	3565.00	3510.00	3490.00	-	-
19970731	3693.50	3565.00	3510.00	3490.00	-	-
19970831	3690.90	3565.00	3510.00	3490.00	-	-
19970930	3690.30	3565.00	3510.00	3490.00	-	-
19971031	3688.70	3565.00	3510.00	3490.00	-	-
19971130	3685.90	3565.00	3510.00	3490.00	-	-
19971231	3682.30	3565.00	3510.00	3490.00	-	-
19980131	3678.90	3565.00	3510.00	3490.00	-	-
19980228	3675.60	3565.00	3510.00	3490.00	-	-
19980331	3673.10	3565.00	3510.00	3490.00	-	-
19980430	3676.50	3565.00	3510.00	3490.00	-	-
19980531	3689.30	3565.00	3510.00	3490.00	-	-
19980630	3696.30	3565.00	3510.00	3490.00	-	-
19980731	3695.20	3565.00	3510.00	3490.00	-	-
19980831	3690.70	3565.00	3510.00	3490.00	-	-
19980930	3687.70	3565.00	3510.00	3490.00	-	-
19981031	3686.40	3565.00	3510.00	3490.00	-	-
19981130	3685.50	3565.00	3510.00	3490.00	-	-
19981231	3682.70	3565.00	3510.00	3490.00	-	-
19990131	3680.60	3565.00	3510.00	3490.00	-	-
19990228	3678.80	3565.00	3510.00	3490.00	-	-
19990331	3677.60	3565.00	3510.00	3490.00	-	-
19990430	3677.50	3565.00	3510.00	3490.00	-	-
19990531	3682.10	3565.00	3510.00	3490.00	-	-
19990630	3693.60	3565.00	3510.00	3490.00	-	-
19990731	3694.00	3565.00	3510.00	3490.00	-	-
19990831	3693.50	3565.00	3510.00	3490.00	-	-
19990930	3691.60	3565.00	3510.00	3490.00	-	-
19991031	3688.60	3565.00	3510.00	3490.00	-	-
19991130	3684.80	3565.00	3510.00	3490.00	-	-
19991231	3681.30	3565.00	3510.00	3490.00	-	-
20000131	3679.20	3565.00	3510.00	3490.00	-	-
20000229	3677.90	3565.00	3510.00	3490.00	-	-
20000331	3677.00	3565.00	3510.00	3490.00	-	-
20000430	3676.00	3565.00	3510.00	3490.00	-	-
20000531	3678.50	3565.00	3510.00	3490.00	-	-
20000630	3683.40	3565.00	3510.00	3490.00	-	-
20000731	3682.10	3565.00	3510.00	3490.00	-	-
20000831	3680.30	3565.00	3510.00	3490.00	-	-
20000930	3677.80	3565.00	3510.00	3490.00	-	-
20001031	3676.50	3565.00	3510.00	3490.00	-	-
20001130	3673.30	3565.00	3510.00	3490.00	-	-
20001231	3669.90	3565.00	3510.00	3490.00	-	-
20010131	3666.30	3565.00	3510.00	3490.00	-	-
20010228	3664.00	3565.00	3510.00	3490.00	-	-
20010331	3662.80	3565.00	3510.00	3490.00	-	-
20010430	3662.50	3565.00	3510.00	3490.00	-	-
20010531	3669.70	3565.00	3510.00	3490.00	-	-
20010630	3673.00	3565.00	3510.00	3490.00	-	-
20010731	3669.50	3565.00	3510.00	3490.00	-	-
20010831	3666.20	3565.00	3510.00	3490.00	-	-
20010930	3664.80	3565.00	3510.00	3490.00	-	-
20011031	3662.40	3565.00	3510.00	3490.00	-	-
20011130	3660.10	3565.00	3510.00	3490.00	-	-
20011231	3656.20	3565.00	3510.00	3490.00	-	-
20020131	3652.30	3565.00	3510.00	3490.00	-	-
20020228	3649.80	3565.00	3510.00	3490.00	-	-
20020331	3647.70	3565.00	3510.00	3490.00	-	-
20020430	3645.90	3565.00	3510.00	3490.00	-	-
20020531	3644.50	3565.00	3510.00	3490.00	-	-
20020630	3640.90	3565.00	3510.00	3490.00	-	-
20020731	3634.20	3565.00	3510.00	3490.00	-	-
20020831	3627.50	3565.00	3510.00	3490.00	-	-
20020930	3626.50	3565.00	3510.00	3490.00	-	-
20021031	3624.70	3565.00	3510.00	3490.00	-	-
20021130	3623.30	3565.00	3510.00	3490.00	-	-
20021231	3620.10	3565.00	3510.00	3490.00	-	-
20030131	3615.30	3565.00	3510.00	3490.00	-	-
20030228	3611.00	3565.00	3510.00	3490.00	-	-
20030331	3607.10	3565.00	3510.00	3490.00	-	-
20030430	3605.10	3565.00	3510.00	3490.00	-	-
20030531	3610.30	3565.00	3510.00	3490.00	-	-
20030630	3616.20	3565.00	3510.00	3490.00	-	-
20030731	3610.60	3565.00	3510.00	3490.00	-	-
20030831	3604.20	3565.00	3510.00	3490.00	-	-
20030930	3603.70	3565.00	3510.00	3490.00	-	-
20031031	3601.90	3565.00	3510.00	3490.00	-	-
20031130	3600.50	3565.00	3510.00	3490.00	-	-
20031231	3597.20	3565.00	3510.00	3490.00	-	-
20040131	3591.80	3565.00	3510.00	3490.00	-	-
20040229	3586.80	3565.00	3510.00	3490.00	-	-
20040331	3582.80	3565.00	3510.00	3490.00	-	-
20040430	3582.90	3565.00	3510.00	3490.00	-	-
20040531	3587.20	3565.00	3510.00	3490.00	-	-
20040630	3586.20	3565.00	3510.00	3490.00	-	-
20040731	3579.70	3565.00	3510.00	3490.00	-	-
20040831	3572.10	3565.00	3510.00	3490.00	-	-
20040930	3570.80	3565.00	3510.00	3490.00	-	-
20041031	3570.50	3565.00	3510.00	3490.00	-	-
20041130	3567.30	3565.00	3510.00	3490.00	-	-
20041231	3564.40	3565.00	3510.00	3490.00	-	-
20050131	3562.10	3565.00	3510.00	3490.00	-	-
20050228	3559.20	3565.00	3510.00	3490.00	-	-
20050331	3555.90	3565.00	3510.00	3490.00	-	-
20050430	3562.80	3565.00	3510.00	3490.00	-	-
20050531	3586.50	3565.00	3510.00	3490.00	-	-
20050630	3606.30	3565.00	3510.00	3490.00	-	-
20050731	3606.90	3565.00	3510.00	3490.00	-	-
20050831	3602.80	3565.00	3510.00	3490.00	-	-
20050930	3602.00	3565.00	3510.00	3490.00	-	-
20051031	3602.80	3565.00	3510.00	3490.00	-	-
20051130	3602.40	3565.00	3510.00	3490.00	-	-
20051231	3598.20	3565.00	3510.00	3490.00	-	-
20060131	3594.20	3565.00	3510.00	3490.00	-	-
20060228	3589.70	3565.00	3510.00	3490.00	-	-
20060331	3588.70	3565.00	3510.00	3490.00	-	-
20060430	3593.00	3565.00	3510.00	3490.00	-	-
20060531	3605.30	3565.00	3510.00	3490.00	-	-
20060630	3610.40	3565.00	3510.00	3490.00	-	-
20060731	3606.90	3565.00	3510.00	3490.00	-	-
20060831	3602.80	3565.00	3510.00	3490.00	-	-
20060930	3601.70	3565.00	3510.00	3490.00	-	-
20061031	3608.00	3565.00	3510.00	3490.00	-	-
20061130	3606.90	3565.00	3510.00	3490.00	-	-
20061231	3603.40	3565.00	3510.00	3490.00	-	-
20070131	3599.50	3565.00	3510.00	3490.00	-	-
20070228	3597.90	3565.00	3510.00	3490.00	-	-
20070331	3598.80	3565.00	3510.00	3490.00	-	-
20070430	3600.40	3565.00	3510.00	3490.00	-	-
20070531	3609.60	3565.00	3510.00	3490.00	-	-
20070630	3611.50	3565.00	3510.00	3490.00	-	-
20070731	3607.40	3565.00	3510.00	3490.00	-	-
20070831	3603.60	3565.00	3510.00	3490.00	-	-
20070930	3601.90	3565.00	3510.00	3490.00	-	-
20071031	3600.60	3565.00	3510.00	3490.00	-	-
20071130	3598.60	3565.00	3510.00	3490.00	-	-
20071231	3594.60	3565.00	3510.00	3490.00	-	-
20080131	3590.70	3565.00	3510.00	3490.00	-	-
20080229	3590.70	3565.00	3510.00	3490.00	-	-
20080331	3589.80	3565.00	3510.00	3490.00	-	-
20080430	3594.10	3565.00	3510.00	3490.00	-	-
20080531	3610.80	3565.00	3510.00	3490.00	-	-
20080630	3631.10	3565.00	3510.00	3490.00	-	-
20080731	3633.00	3565.00	3510.00	3490.00	-	-
20080831	3629.60	3565.00	3510.00	3490.00	-	-
20080930	3626.90	3565.00	3510.00	3490.00	-	-
20081031	3623.80	3565.00	3510.00	3490.00	-	-
20081130	3621.90	3565.00	3510.00	3490.00	-	-
20081231	3617.90	3565.00	3510.00	3490.00	-	-
20090131	3614.20	3565.00	3510.00	3490.00	-	-
20090228	3612.10	3565.00	3510.00	3490.00	-	-
20090331	3610.40	3565.00	3510.00	3490.00	-	-
20090430	3611.30	3565.00	3510.00	3490.00	-	-
20090531	3629.10	3565.00	3510.00	3490.00	-	-
20090630	3640.50	3565.00	3510.00	3490.00	-	-
20090731	3641.10	3565.00	3510.00	3490.00	-	-
20090831	3637.50	3565.00	3510.00	3490.00	-	-
20090930	3635.40	3565.00	3510.00	3490.00	-	-
20091031	3633.50	3565.00	3510.00	3490.00	-	-
20091130	3631.10	3565.00	3510.00	3490.00	-	-
20091231	3626.20	3565.00	3510.00	3490.00	-	-
20100131	3622.10	3565.00	3510.00	3490.00	-	-
20100228	3620.20	3565.00	3510.00	3490.00	-	-
20100331	3619.40	3565.00	3510.00	3490.00	-	-
20100430	3620.50	3565.00	3510.00	3490.00	-	-
20100531	3626.00	3565.00	3510.00	3490.00	-	-
20100630	3638.80	3565.00	3510.00	3490.00	-	-
20100731	3636.50	3565.00	3510.00	3490.00	-	-
20100831	3634.60	3565.00	3510.00	3490.00	-	-
20100930	3633.70	3565.00	3510.00	3490.00	-	-
20101031	3634.10	3565.00	3510.00	3490.00	-	-
20101130	3630.30	3565.00	3510.00	3490.00	-	-
20101231	3626.50	3565.00	3510.00	3490.00	-	-
20110131	3620.60	3565.00	3510.00	3490.00	-	-
20110228	3615.00	3565.00	3510.00	3490.00	-	-
20110331	3610.70	3565.00	3510.00	3490.00	-	-
20110430	3611.90	3565.00	3510.00	3490.00	-	-
20110531	3623.10	3565.00	3510.00	3490.00	-	-
20110630	3649.00	3565.00	3510.00	3490.00	-	-
20110731	3660.90	3565.00	3510.00	3490.00	-	-
20110831	3655.30	3565.00	3510.00	3490.00	-	-
20110930	3653.00	3565.00	3510.00	3490.00	-	-
20111031	3650.30	3565.00	3510.00	3490.00	-	-
20111130	3645.70	3565.00	3510.00	3490.00	-	-
20111231	3639.80	3565.00	3510.00	3490.00	-	-
20120131	3636.90	3565.00	3510.00	3490.00	-	-
20120229	3635.30	3565.00	3510.00	3490.00	-	-
20120331	3635.30	3565.00	3510.00	3490.00	-	-
20120430	3635.80	3565.00	3510.00	3490.00	-	-
20120531	3636.80	3565.00	3510.00	3490.00	-	-
20120630	3633.90	3565.00	3510.00	3490.00	-	-
20120731	3628.50	3565.00	3510.00	3490.00	-	-
20120831	3623.60	3565.00	3510.00	3490.00	-	-
20120930	3621.60	3565.00	3510.00	3490.00	-	-
20121031	3619.50	3565.00	3510.00	3490.00	-	-
20121130	3615.10	3565.00	3510.00	3490.00	-	-
20121231	3609.80	3565.00	3510.00	3490.00	-	-
20130131	3604.40	3565.00	3510.00	3490.00	-	-
20130228	3601.50	3565.00	3510.00	3490.00	-	-
20130331	3599.00	3565.00	3510.00	3490.00	-	-
20130430	3596.50	3565.00	3510.00	3490.00	-	-
20130531	3599.40	3565.00	3510.00	3490.00	-	-
20130630	3600.10	3565.00	3510.00	3490.00	-	-
20130731	3594.20	3565.00	3510.00	3490.00	-	-
20130831	3589.60	3565.00	3510.00	3490.00	-	-
20130930	3591.30	3565.00	3510.00	3490.00	-	-
20131031	3590.90	3565.00	3510.00	3490.00	-	-
20131130	3587.90	3565.00	3510.00	3490.00	-	-
20131231	3584.40	3565.00	3510.00	3490.00	-	-
20140131	3578.70	3565.00	3510.00	3490.00	-	-
20140228	3575.60	3565.00	3510.00	3490.00	-	-
20140331	3574.80	3565.00	3510.00	3490.00	-	-
20140430	3577.60	3565.00	3510.00	3490.00	-	-
20140531	3589.40	3565.00	3510.00	3490.00	-	-
20140630	3609.20	3565.00	3510.00	3490.00	-	-
20140731	3608.10	3565.00	3510.00	3490.00	-	-
20140831	3605.80	3565.00	3510.00	3490.00	-	-
20140930	3605.50	3565.00	3510.00	3490.00	-	-
20141031	3605.60	3565.00	3510.00	3490.00	-	-
20141130	3601.90	3565.00	3510.00	3490.00	-	-
20141231	3597.80	3565.00	3510.00	3490.00	-	-
20150131	3593.60	3565.00	3510.00	3490.00	-	-
20150228	3592.20	3565.00	3510.00	3490.00	-	-
20150331	3591.00	3565.00	3510.00	3490.00	-	-
20150430	3590.20	3565.00	3510.00	3490.00	-	-
20150531	3597.30	3565.00	3510.00	3490.00	-	-
20150630	3613.50	3565.00	3510.00	3490.00	-	-
20150731	3612.60	3565.00	3510.00	3490.00	-	-
20150831	3609.10	3565.00	3510.00	3490.00	-	-
20150930	3606.00	3565.00	3510.00	3490.00	-	-
20151031	3606.40	3565.00	3510.00	3490.00	-	-
20151130	3605.50	3565.00	3510.00	3490.00	-	-
20151231	3600.80	3565.00	3510.00	3490.00	-	-
20160131	3596.60	3565.00	3510.00	3490.00	-	-
20160229	3594.40	3565.00	3510.00	3490.00	-	-
20160331	3592.20	3565.00	3510.00	3490.00	-	-
20160430	3592.10	3565.00	3510.00	3490.00	-	-
20160531	3603.90	3565.00	3510.00	3490.00	-	-
20160630	3620.00	3565.00	3510.00	3490.00	-	-
20160731	3618.20	3565.00	3510.00	3490.00	-	-
20160831	3613.60	3565.00	3510.00	3490.00	-	-
20160930	3610.90	3565.00	3510.00	3490.00	-	-
20161031	3609.50	3565.00	3510.00	3490.00	-	-
20161130	3605.80	3565.00	3510.00	3490.00	-	-
20161231	3600.50	3565.00	3510.00	3490.00	-	-
20170131	3595.90	3565.00	3510.00	3490.00	-	-
20170228	3594.30	3565.00	3510.00	3490.00	-	-
20170331	3595.90	3565.00	3510.00	3490.00	-	-
20170430	3604.10	3565.00	3510.00	3490.00	-	-
20170531	3619.10	3565.00	3510.00	3490.00	-	-
20170630	3634.90	3565.00	3510.00	3490.00	-	-
20170731	3634.70	3565.00	3510.00	3490.00	-	-
20170831	3630.90	3565.00	3510.00	3490.00	-	-
20170930	3628.30	3565.00	3510.00	3490.00	-	-
20171031	3627.10	3565.00	3510.00	3490.00	-	-
20171130	3625.30	3565.00	3510.00	3490.00	-	-
20171231	3622.90	3565.00	3510.00	3490.00	-	-
20180131	3619.10	3565.00	3510.00	3490.00	-	-
20180228	3616.00	3565.00	3510.00	3490.00	-	-
20180331	3612.20	3565.00	3510.00	3490.00	-	-
20180430	3609.40	3565.00	3510.00	3490.00	-	-
20180531	3611.50	3565.00	3510.00	3490.00	-	-
20180630	3610.00	3565.00	3510.00	3490.00	-	-
20180731	3603.80	3565.00	3510.00	3490.00	-	-
20180831	3597.10	3565.00	3510.00	3490.00	-	-
20180930	3592.30	3565.00	3510.00	3490.00	-	-
20181031	3590.50	3565.00	3510.00	3490.00	-	-
20181130	3586.50	3565.00	3510.00	3490.00	-	-
20181231	3581.90	3565.00	3510.00	3490.00	-	-
20190131	3576.30	3565.00	3510.00	3490.00	-	-
20190228	3571.90	3565.00	3510.00	3490.00	-	-
20190331	3569.30	3565.00	3510.00	3490.00	-	-
20190430	3571.10	3565.00	3510.00	3490.00	-	-
20190531	3584.70	3565.00	3510.00	3490.00	-	-
20190630	3611.80	3565.00	3510.00	3490.00	-	-
20190731	3621.60	3565.00	3510.00	3490.00	-	-
20190831	3618.60	3565.00	3510.00	3490.00	-	-
20190930	3615.40	3565.00	3510.00	3490.00	-	-
20191031	3613.00	3565.00	3510.00	3490.00	-	-
20191130	3611.20	3565.00	3510.00	3490.00	-	-
20191231	3608.70	3565.00	3510.00	3490.00	-	-
20200131	3605.50	3565.00	3510.00	3490.00	-	-
20200229	3602.70	3565.00	3510.00	3490.00	-	-
20200331	3600.70	3565.00	3510.00	3490.00	-	-
20200430	3599.30	3565.00	3510.00	3490.00	-	-
20200531	3605.10	3565.00	3510.00	3490.00	-	-
20200630	3610.60	3565.00	3510.00	3490.00	-	-
20200731	3606.30	3565.00	3510.00	3490.00	-	-
20200831	3599.70	3565.00	3510.00	3490.00	-	-
20200930	3596.00	3565.00	3510.00	3490.00	-	-
20201031	3591.70	3565.00	3510.00	3490.00	-	-
20201130	3587.70	3565.00	3510.00	3490.00	-	-
20201231	3582.20	3565.00	3510.00	3490.00	-	-
20210131	3576.50	3565.00	3510.00	3490.00	-	-
20210228	3571.50	3565.00	3510.00	3490.00	-	-
20210331	3566.70	3565.00	3510.00	3490.00	-	-
20210430	3562.40	3565.00	3510.00	3490.00	-	-
20210531	3560.60	3565.00	3510.00	3490.00	-	-
20210630	3560.10	3565.00	3510.00	3490.00	-	-
20210731	3553.90	3565.00	3510.00	3490.00	-	-
20210831	3549.00	3565.00	3510.00	3490.00	-	-
20210930	3545.40	3565.00	3510.00	3490.00	-	-
20211031	3544.30	3565.00	3510.00	3490.00	-	-
20211130	3541.80	3565.00	3510.00	3490.00	-	-
20211231	3537.30	3565.00	3510.00	3490.00	-	-
20220131	3531.50	3565.00	3510.00	3490.00	-	-
20220228	3527.00	3565.00	3510.00	3490.00	-	-
20220331	3523.10	3565.00	3510.00	3490.00	-	-
20220430	3522.80	3565.00	3510.00	3490.00	-	-
20220531	3531.70	3565.00	3510.00	3490.00	-	-
20220630	3539.80	3565.00	3510.00	3490.00	-	-
20220731	3536.20	3565.00	3510.00	3490.00	-	-
20220831	3531.70	3565.00	3510.00	3490.00	-	-
20220930	3529.30	3565.00	3510.00	3490.00	-	-
20221031	3529.90	3565.00	3510.00	3490.00	-	-
20221130	3528.00	3565.00	3510.00	3490.00	-	-
20221231	3524.80	3565.00	3510.00	3490.00	-	-
20230131	3523.50	3565.00	3510.00	3490.00	-	-
20230228	3521.00	3565.00	3510.00	3490.00	-	-
20230331	3522.00	3565.00	3510.00	3490.00	-	-
20230430	3525.00	3565.00	3510.00	3490.00	-	-
20230531	3561.40	3565.00	3510.00	3490.00	-	-
20230630	3583.50	3565.00	3510.00	3490.00	-	-
20230731	3580.40	3565.00	3510.00	3490.00	-	-
20230831	3574.70	3565.00	3510.00	3490.00	-	-
20230930	3573.60	3565.00	3510.00	3490.00	-	-
20231031	3572.70	3565.00	3510.00	3490.00	-	-
20231130	3571.40	3565.00	3510.00	3490.00	-	-
20231231	3569.00	3565.00	3510.00	3490.00	-	-
20240131	3564.90	3565.00	3510.00	3490.00	-	-
20240229	3562.10	3565.00	3510.00	3490.00	-	-
20240331	3559.00	3565.00	3510.00	3490.00	-	-
20240430	3559.80	3565.00	3510.00	3490.00	-	-
20240531	3568.70	3565.00	3510.00	3490.00	-	-
20240630	3585.60	3565.00	3510.00	3490.00	-	-
20240731	3584.60	3565.00	3510.00	3490.00	-	-
20240831	3581.00	3565.00	3510.00	3490.00	-	-
20240930	3578.10	3565.00	3510.00	3490.00	-	-
20241031	3576.90	3565.00	3510.00	3490.00	-	-
20241130	3575.20	3565.00	3510.00	3490.00	-	-
20241231	3572.00	3565.00	3510.00	3490.00	-	-
20250131	3566.80	3565.00	3510.00	3490.00	-	-
20250228	3562.80	3565.00	3510.00	3490.00	-	-
20250331	3559.30	3565.00	3510.00	3490.00	-	-
20250430	3557.90	3565.00	3510.00	3490.00	-	-
20250531	3559.00	3565.00	3510.00	3490.00	-	-
20250630	3561.30	3565.00	3510.00	3490.00	-	-
20250731	3555.40	3565.00	3510.00	3490.00	-	-
20250831	3548.20	3565.00	3510.00	3490.00	-	-
20250930	3544.70	3565.00	3510.00	3490.00	-	-
20251031	3545.50	3565.00	3510.00	3490.00	-	-
20251130	3543.30	3565.00	3510.00	3490.00	-	-
20251231	3540.30	3565.00	3510.00	3490.00	-	-
20260131	3535.00	3565.00	3510.00	3490.00	-	-
20260228	3531.00	3565.00	3510.00	3490.00	-	-
20260331	3528.00	3565.00	3510.00	3490.00	-	-
20260430	3526.30	3565.00	3510.00	3490.00	-	-
20260531	3528.00	3565.00	3510.00	3490.00	-	-
20260630	3525.90	3565.00	3510.00	3490.00	3525.90	-
20260731	3522.30	3565.00	3510.00	3490.00	3522.30	3522.30
20260831	-	3565.00	3510.00	3490.00	3519.00	3518.60
20260930	-	3565.00	3510.00	3490.00	3516.20	3515.90
20261031	-	3565.00	3510.00	3490.00	3514.80	3515.80
20261130	-	3565.00	3510.00	3490.00	3512.50	3515.30
20261231	-	3565.00	3510.00	3490.00	3507.70	3514.00
20270131	-	3565.00	3510.00	3490.00	3501.30	3512.50
20270228	-	3565.00	3510.00	3490.00	3496.20	3511.70
20270331	-	3565.00	3510.00	3490.00	3491.90	3511.80
20270430	-	3565.00	3510.00	3490.00	3491.80	3514.10
20270531	-	3565.00	3510.00	3490.00	3508.00	3527.80
20270630	-	3565.00	3510.00	3490.00	3524.60	3542.30
20270731	-	3565.00	3510.00	3490.00	3524.10	3541.20
20270831	-	3565.00	3510.00	3490.00	3519.10	3535.80
20270930	-	3565.00	3510.00	3490.00	3516.80	3533.20
20271031	-	3565.00	3510.00	3490.00	3516.00	3532.60
20271130	-	3565.00	3510.00	3490.00	3514.60	3531.20
20271231	-	3565.00	3510.00	3490.00	3510.70	3527.70
20280131	-	3565.00	3510.00	3490.00	3503.00	3523.00
20280228	-	3565.00	3510.00	3490.00	3498.40	3520.10
20280331	-	3565.00	3510.00	3490.00	3494.00	3518.60
20280430	-	3565.00	3510.00	3490.00	3495.30	3521.90
20280531	-	3565.00	3510.00	3490.00	3512.30	3539.10
20280630	-	3565.00	3510.00	3490.00	3533.40	3558.80
20280731	-	3565.00	3510.00	3490.00	3533.40	3558.60
